time,latitude,longitude,depth,mag,magType,nst,gap,dmin,rms,net,id,updated,place,type,horizontalError,depthError,magError,magNst,status,locationSource,magSource
2019-07-02T05:00:28.610Z,40.2493324,-122.3753357,18.24,1.56,md,4,160,0.1754,0,nc,nc73204651,2019-07-02T05:04:02.957Z,"14km WNW of Red Bluff, CA",earthquake,0.87,2.45,0.12,6,automatic,nc,nc
2019-07-02T04:56:52.710Z,66.2564,-157.2845,8.7,1.2,ml,,,,0.62,ak,ak0198eq2cxt,2019-07-02T05:01:36.681Z,"74km SSW of Kobuk, Alaska",earthquake,,0.3,,,automatic,ak,ak
2019-07-02T04:48:57.480Z,34.065,-117.499,3.22,1.13,ml,36,55,0.04984,0.21,ci,ci38440047,2019-07-02T04:52:42.433Z,"5km SW of Fontana, CA",earthquake,0.29,0.47,0.212,28,automatic,ci,ci
2019-07-02T04:32:04.127Z,60.2669,-152.4363,95.9,1.8,ml,,,,0.36,ak,ak0198epx3za,2019-07-02T04:40:41.618Z,"29km SE of Redoubt Volcano, Alaska",earthquake,,0.5,,,automatic,ak,ak
2019-07-02T04:18:30.450Z,36.8422,-117.5687,0.9,0.1,ml,7,231.7,0.179,0.14,nn,nn00688991,2019-07-02T04:21:47.920Z,"51km ENE of Lone Pine, California",earthquake,,12.3,,,automatic,nn,nn
2019-07-02T04:09:11.719Z,59.94,-139.562,1.1,1.9,ml,,,,0.75,ak,ak0198eps75j,2019-07-02T04:16:25.377Z,"44km NNE of Yakutat, Alaska",earthquake,,0.3,,,automatic,ak,ak
2019-07-02T04:07:14.730Z,-31.2586,-175.4206,10,5.2,mb,,107,2.956,0.93,us,us700048hx,2019-07-02T04:22:54.040Z,"Kermadec Islands region",earthquake,11.4,2,0.131,19,reviewed,us,us
2019-07-02T03:46:22.488Z,59.9596,-139.7299,0,1.3,ml,,,,1.18,ak,ak0198epepuw,2019-07-02T03:49:39.740Z,"45km N of Yakutat, Alaska",earthquake,,0.4,,,automatic,ak,ak
2019-07-02T03:24:03.540Z,33.5076667,-116.4995,13.41,0.67,ml,15,88,0.06362,0.19,ci,ci38439991,2019-07-02T03:27:37.564Z,"17km ESE of Anza, CA",earthquake,0.56,0.73,0.107,12,automatic,ci,ci
2019-07-02T03:21:19.070Z,38.8414993,-122.8291702,1.94,0.57,md,12,110,0.005725,0.01,nc,nc73204616,2019-07-02T03:30:04.733Z,"9km WNW of Cobb, CA",earthquake,0.28,0.9,,1,automatic,nc,nc
2019-07-02T03:21:09.320Z,38.8408318,-122.829834,1.98,0.57,md,8,111,0.00495,0.01,nc,nc73204611,2019-07-02T04:09:04.966Z,"10km WNW of Cobb, CA",earthquake,0.37,0.96,,1,automatic,nc,nc
2019-07-02T03:20:18.330Z,34.0315,-117.5058333,3.1,0.92,ml,23,89,0.04223,0.16,ci,ci38439983,2019-07-02T03:24:01.544Z,"3km NW of Glen Avon, CA",earthquake,0.22,0.28,0.164,28,automatic,ci,ci
2019-07-02T03:05:00.260Z,38.8348351,-122.7836685,1.7,0.97,md,16,62,0.006318,0.03,nc,nc73204601,2019-07-02T03:59:01.909Z,"5km WNW of Cobb, CA",earthquake,0.23,0.36,0.1,4,automatic,nc,nc
2019-07-02T02:49:24.345Z,61.2125,-146.8308,23.9,1.4,ml,,,,0.38,ak,ak0198eotxjm,2019-07-02T03:01:50.298Z,"27km WNW of Valdez, Alaska",earthquake,,0.3,,,automatic,ak,ak
2019-07-02T02:46:42.200Z,33.8311667,-117.0068333,7.24,1.1,ml,41,56,0.03981,0.2,ci,ci38439951,2019-07-02T02:50:30.334Z,"7km NW of San Jacinto, CA",earthquake,0.24,0.73,0.193,27,automatic,ci,ci
2019-07-02T02:38:40.292Z,61.4116,-149.9808,24.5,1.8,ml,,,,0.54,ak,ak0198eorlwd,2019-07-02T02:43:36.059Z,"12km S of Big Lake, Alaska",earthquake,,0.3,,,automatic,ak,ak
2019-07-02T02:36:40.650Z,19.4716667,-155.4496667,0.22,2.79,ml,58,42,0.05821,0.14,hv,hv71019281,2019-07-02T03:08:50.860Z,"22km WNW of Volcano, Hawaii",earthquake,0.23,0.42,0.15,34,reviewed,hv,hv
2019-07-02T02:31:07.490Z,38.8231659,-122.7811661,0.04,0.88,md,12,81,0.0099,0.02,nc,nc73204586,2019-07-02T02:42:03.125Z,"5km W of Cobb, CA",earthquake,0.22,0.43,0.03,3,automatic,nc,nc
2019-07-02T02:29:27.090Z,37.1238327,-121.4921646,14.73,1.3,md,11,205,0.04508,0.13,nc,nc73204581,2019-07-02T03:48:04.842Z,"11km ENE of San Martin, CA",earthquake,1.3,1.52,0.26,6,automatic,nc,nc
2019-07-02T02:29:24.079Z,36.55044937,-98.97273254,4.227758884,1.62,ml,11,169.1099854,0.05470263213,0.3274181624,ok,ok2019musm,2019-07-02T02:32:34.116Z,"24km ENE of Mooreland, Oklahoma",earthquake,5.238882106,2.535823871,,8,automatic,ok,ok
2019-07-02T02:29:03.565Z,66.3002,-157.2223,9.4,1.5,ml,,,,1,ak,ak0198eopln9,2019-07-02T02:33:43.252Z,"69km SSW of Kobuk, Alaska",earthquake,,0.2,,,automatic,ak,ak
2019-07-02T02:28:16.130Z,38.8089981,-122.8333359,9.82,0.57,md,5,170,0.01416,0,nc,nc73204576,2019-07-02T02:35:04.081Z,"8km WNW of The Geysers, CA",earthquake,1.96,7.9,,1,automatic,nc,nc
2019-07-02T02:19:04.940Z,38.814167,-122.8256683,1.64,0.82,md,14,65,,0.05,nc,nc73204566,2019-07-02T02:30:02.891Z,"7km NW of The Geysers, CA",earthquake,0.27,0.45,0.05,3,automatic,nc,nc
2019-07-02T02:01:39.430Z,35.425,-119.193,16.59,1.82,ml,24,79,0.1081,0.23,ci,ci38439911,2019-07-02T02:12:53.520Z,"6km NW of Rosedale, CA",earthquake,0.47,1.11,0.178,30,automatic,ci,ci
2019-07-02T01:23:34.320Z,38.8378334,-122.8276672,1.11,0.57,md,8,93,0.006153,0.01,nc,nc73204551,2019-07-02T01:46:03.506Z,"9km NW of The Geysers, CA",earthquake,0.35,1.01,,1,automatic,nc,nc
2019-07-02T00:59:51.385Z,59.7355,-152.4978,88,1.5,ml,,,,0.45,ak,ak0198enp8ei,2019-07-02T01:09:05.912Z,"37km W of Anchor Point, Alaska",earthquake,,0.8,,,automatic,ak,ak
2019-07-02T00:57:31.552Z,60.7101,-151.5702,60,1.7,ml,,,,0.44,ak,ak0198enosl6,2019-07-02T01:05:54.448Z,"15km W of Nikiski, Alaska",earthquake,,0.9,,,automatic,ak,ak
2019-07-02T00:53:51.650Z,34.0508333,-117.5163333,3.25,0.88,ml,24,82,0.05464,0.27,ci,ci38439831,2019-07-02T00:57:37.107Z,"5km NNW of Glen Avon, CA",earthquake,0.52,0.77,0.095,25,automatic,ci,ci
2019-07-02T00:47:36.530Z,-17.9667,-178.3443,623.47,4.3,mb,,122,3.438,0.67,us,us700048h3,2019-07-02T01:06:49.040Z,"296km SE of Lambasa, Fiji",earthquake,15.8,10.3,0.102,27,reviewed,us,us
2019-07-02T00:13:50.276Z,29.4917,51.4783,10,4.1,mb,,71,6.18,0.68,us,us700048gw,2019-07-02T00:57:13.040Z,"22km SW of Kazerun, Iran",earthquake,9.1,1.9,0.088,35,reviewed,us,us
2019-07-02T00:12:36.690Z,38.8353348,-122.8024979,2.2,1.41,md,30,38,,0.04,nc,nc73204541,2019-07-02T02:59:04.230Z,"7km WNW of Cobb, CA",earthquake,0.19,0.35,0.14,7,automatic,nc,nc
2019-07-02T00:09:33.329Z,66.1554,-157.1125,12.4,1.8,ml,,,,1.31,ak,ak0198eneidw,2019-07-02T00:13:50.640Z,"84km S of Kobuk, Alaska",earthquake,,0.2,,,automatic,ak,ak
2019-07-02T00:09:09.936Z,66.2742,-157.3789,4.7,1.6,ml,,,,1.24,ak,ak0198enegkp,2019-07-02T00:15:31.410Z,"73km SSW of Kobuk, Alaska",earthquake,,0.3,,,automatic,ak,ak
2019-07-02T00:07:35.400Z,33.8631668,-118.0733337,8.63,1.76,ml,23,217,0.1462,0.16,ci,ci38439791,2019-07-02T00:11:17.412Z,"1km NW of Cerritos, CA",earthquake,1.31,2.04,0.838,5,automatic,ci,ci
2019-07-02T00:06:35.573Z,33.7023,137.2224,354.61,4.3,mb,,30,1.257,0.56,us,us700048gr,2019-07-02T00:34:08.040Z,"93km SSE of Toba, Japan",earthquake,8.4,6.4,0.029,349,reviewed,us,us
2019-07-01T23:54:19.147Z,4.6734,94.4328,34.24,4.4,mb,,166,2.565,0.49,us,us700048gp,2019-07-02T00:12:09.040Z,"138km SW of Banda Aceh, Indonesia",earthquake,7.8,7.1,0.114,22,reviewed,us,us
2019-07-01T23:45:56.440Z,18.1661,-66.8785,15,2.04,md,18,69,0.191,0.21,pr,pr2019182013,2019-07-02T00:53:53.432Z,"8km W of Adjuntas, Puerto Rico",earthquake,0.41,0.7,0.34,16,reviewed,pr,pr
2019-07-01T23:40:17.630Z,33.5993333,-116.8053333,4.81,0.61,ml,16,82,0.03487,0.11,ci,ci38439751,2019-07-01T23:43:54.792Z,"13km WNW of Anza, CA",earthquake,0.33,0.51,0.15,10,automatic,ci,ci
2019-07-01T23:39:19.890Z,18.8215,-65.8393,8,2.79,md,13,298,0.5677,0.43,pr,pr2019182014,2019-07-02T03:18:34.171Z,"43km N of Vieques, Puerto Rico",earthquake,1.63,1.64,0.32,13,reviewed,pr,pr
2019-07-01T23:36:38.271Z,-20.6097,-173.4869,10,4.9,mb,,114,3.681,1.37,us,us700048gv,2019-07-02T01:23:09.040Z,"127km SE of Pangai, Tonga",earthquake,8.8,1.9,0.097,33,reviewed,us,us
2019-07-01T23:23:20.120Z,36.0033333,-120.563,3.29,0.41,md,11,100,0.02224,0.05,nc,nc73204531,2019-07-02T01:48:47.809Z,"17km NW of Parkfield, CA",earthquake,0.4,0.95,0.165,5,reviewed,nc,nc
2019-07-01T23:22:51.420Z,35.0478333,-117.659,0.28,1.7,ml,19,75,0.1172,0.2,ci,ci38439743,2019-07-01T23:26:58.182Z,"6km N of Boron, CA",quarry blast,0.58,31.61,0.15,30,automatic,ci,ci
2019-07-01T23:10:34.320Z,61.2191,-146.8976,14.6,3.7,ml,,,,0.6,ak,ak0198ddkciq,2019-07-02T01:02:34.417Z,"31km WNW of Valdez, Alaska",earthquake,,0.2,,,reviewed,ak,ak
2019-07-01T23:03:09.347Z,64.9597,-147.3443,2.7,1.2,ml,,,,0.19,ak,ak0198ddisnq,2019-07-01T23:07:29.857Z,"19km NNE of Badger, Alaska",earthquake,,1,,,automatic,ak,ak
2019-07-01T23:01:08.633Z,64.8059,-152.3085,12.8,1.3,ml,,,,1.06,ak,ak0198ddid5z,2019-07-01T23:05:49.111Z,"42km SSW of Tanana, Alaska",earthquake,,0.3,,,automatic,ak,ak
2019-07-01T22:59:41.410Z,36.5498,-116.6208,12.2,0.7,ml,18,82.81,0.055,0.16,nn,nn00688987,2019-07-01T23:03:54.251Z,"41km SSE of Beatty, Nevada",earthquake,,1.6,,,automatic,nn,nn
2019-07-01T22:58:09.098Z,2.2594,96.168,22.99,4.8,mb,,166,1.697,0.7,us,us700048g4,2019-07-01T23:52:00.040Z,"33km SW of Sinabang, Indonesia",earthquake,8.7,6.2,0.07,63,reviewed,us,us
2019-07-01T22:56:40.670Z,37.5458333,-118.9815,10.08,0.68,md,13,155,0.07322,0.04,nc,nc73204526,2019-07-02T03:27:06.222Z,"10km S of Mammoth Lakes, CA",earthquake,0.74,0.94,0.285,11,reviewed,nc,nc
2019-07-01T22:53:27.247Z,61.3107,-152.4153,3.3,1.5,ml,,,,1.05,ak,ak0198dd848k,2019-07-01T23:27:19.366Z,"92km NW of Nikiski, Alaska",earthquake,,0.2,,,automatic,ak,ak
2019-07-01T22:47:58.349Z,66.2892,-157.4456,0.1,1.3,ml,,,,1.04,ak,ak0198dd6wag,2019-07-01T22:52:04.662Z,"73km SSW of Kobuk, Alaska",earthquake,,0.5,,,automatic,ak,ak
2019-07-01T22:38:29.580Z,39.0546667,-123.3441667,5.11,0.66,md,6,98,0.1242,0.04,nc,nc73204516,2019-07-02T01:47:17.755Z,"5km NNE of Boonville, CA",earthquake,0.36,2.65,0.034,4,reviewed,nc,nc
2019-07-01T22:30:36.010Z,38.8033333,-122.8166656,2.6,0.88,md,9,134,0.01123,0.05,nc,nc73204506,2019-07-01T22:55:03.526Z,"6km WNW of The Geysers, CA",earthquake,1.33,0.76,,1,automatic,nc,nc
2019-07-01T22:26:56.350Z,38.8336678,-122.8115005,1.97,0.96,md,18,58,,0.03,nc,nc73204501,2019-07-01T22:44:03.465Z,"8km W of Cobb, CA",earthquake,0.24,0.5,0.12,4,automatic,nc,nc
2019-07-01T22:19:48.840Z,66.2481,-157.306,6.1,1.6,ml,,,,0.85,ak,ak0198dd0vk8,2019-07-01T22:23:08.375Z,"75km SSW of Kobuk, Alaska",earthquake,,0.3,,,automatic,ak,ak
2019-07-01T22:17:01.842Z,66.3593,-157.4993,12.6,2.8,ml,,,,0.78,ak,ak0198dd0cfj,2019-07-01T23:41:55.040Z,"66km SSW of Kobuk, Alaska",earthquake,,0.6,,,automatic,ak,ak
2019-07-01T22:16:40.197Z,36.54256439,-98.97884369,4.95131731,2.25,ml,14,151.3668365,0.05045532063,0.3626156698,ok,ok2019mukd,2019-07-01T22:19:24.149Z,"23km ENE of Mooreland, Oklahoma",earthquake,4.797319412,2.304386503,,12,automatic,ok,ok
2019-07-01T22:16:31.430Z,60.1091,-139.9618,8.9,1.6,ml,,,,0.77,ak,ak0198dd072f,2019-07-01T22:19:16.468Z,"63km NNW of Yakutat, Alaska",earthquake,,0.3,,,automatic,ak,ak
2019-07-01T22:09:21.210Z,37.4255,-122.4446667,5.74,1.17,md,14,213,0.07549,0.07,nc,nc73204496,2019-07-02T03:06:03.611Z,"4km SSW of Half Moon Bay, CA",earthquake,0.55,0.91,0.213,13,reviewed,nc,nc
2019-07-01T22:07:10.927Z,39.6056,-120.0305,7.8,0.9,ml,12,85.43,0.054,0.1392,nn,nn00688969,2019-07-01T23:05:02.492Z,"9km SSW of Cold Springs, Nevada",earthquake,,1.4,0.5,4,reviewed,nn,nn
2019-07-01T22:04:57.170Z,19.0668335,-155.4568329,38.11,2.39,ml,26,193,0.08825,0.21,hv,hv71018976,2019-07-01T22:10:35.060Z,"15km S of Pahala, Hawaii",earthquake,0.97,1.12,5.03,5,automatic,hv,hv
2019-07-01T22:04:18.300Z,38.7986679,-122.73983,2.04,0.72,md,8,113,0.0156,0.03,nc,nc73204491,2019-07-01T22:34:02.405Z,"3km NNE of The Geysers, CA",earthquake,0.45,0.85,0.15,2,automatic,nc,nc
2019-07-01T22:00:04.898Z,63.0362,-151.5723,2.7,1.5,ml,,,,0.85,ak,ak0198dcwpkj,2019-07-01T22:04:32.829Z,"109km NW of Talkeetna, Alaska",earthquake,,0.3,,,automatic,ak,ak
2019-07-01T21:58:39.120Z,38.7956657,-122.7646637,0.16,1.48,md,14,62,,0.04,nc,nc73204486,2019-07-02T00:45:05.166Z,"2km NNW of The Geysers, CA",earthquake,0.2,0.59,0.15,6,automatic,nc,nc
2019-07-01T21:55:02.405Z,66.3154,-157.2448,2.1,1.7,ml,,,,0.94,ak,ak0198dcn25b,2019-07-01T22:00:41.195Z,"67km SSW of Kobuk, Alaska",earthquake,,0.3,,,automatic,ak,ak
2019-07-01T21:47:30.520Z,19.0888329,-155.4506683,40.77,2.51,md,25,186,0.06711,0.11,hv,hv71018961,2019-07-01T23:33:52.040Z,"13km SSE of Pahala, Hawaii",earthquake,0.89,1.5,0.22,9,automatic,hv,hv
2019-07-01T21:40:02.077Z,64.7551,-149.1891,9.5,0.8,ml,,,,1.05,ak,ak0198dcjueo,2019-07-01T21:47:07.364Z,"19km N of North Nenana, Alaska",earthquake,,0.4,,,automatic,ak,ak
2019-07-01T21:27:26.811Z,38.7869,-117.1843,7.9,1.4,ml,9,119.87,0.047,0.2245,nn,nn00688965,2019-07-01T22:17:57.851Z,"64km E of Gabbs, Nevada",explosion,,5.7,0.35,6,reviewed,nn,nn
2019-07-01T21:17:00.820Z,35.4830017,-120.0166702,7.65,2.61,ml,41,51,0.06248,0.31,ci,ci38439583,2019-07-02T00:18:03.001Z,"15km N of Simmler, CA",earthquake,0.48,1.58,0.208,25,automatic,ci,ci
2019-07-01T21:15:24.400Z,34.0481667,-117.2071667,9.12,0.9,ml,13,95,0.1014,0.18,ci,ci38439575,2019-07-01T21:21:10.301Z,"2km WSW of Redlands, CA",earthquake,0.33,0.96,0.132,18,automatic,ci,ci
2019-07-01T21:02:27.388Z,69.3222,-143.8173,0,2.4,ml,,,,0.91,ak,ak0198dcbr4r,2019-07-01T21:07:58.717Z,"90km S of Kaktovik, Alaska",earthquake,,0.4,,,automatic,ak,ak
2019-07-01T21:00:54.526Z,-21.2669,-173.7684,10,4.9,mb,,88,4.215,1.3,us,us700048c2,2019-07-01T22:28:43.040Z,"122km E of `Ohonua, Tonga",earthquake,15,1.9,0.11,26,reviewed,us,us
2019-07-01T20:52:08.520Z,38.8209991,-122.7911682,3.15,0.88,md,8,98,0.01341,0.02,nc,nc73204466,2019-07-01T23:08:03.605Z,"6km NNW of The Geysers, CA",earthquake,0.62,1.39,,1,automatic,nc,nc
2019-07-01T20:42:45.494Z,59.8004,-153.5698,120.5,2.7,ml,,,,0.73,ak,ak0198dbyxg7,2019-07-01T20:52:14.157Z,"75km E of Old Iliamna, Alaska",earthquake,,0.3,,,automatic,ak,ak
2019-07-01T20:42:12.490Z,33.8771667,-117.5009995,-0.56,1.28,ml,16,74,0.07564,0.29,ci,ci38439495,2019-07-01T20:48:12.845Z,"2km E of Home Gardens, CA",earthquake,0.84,1.47,0.252,4,automatic,ci,ci
2019-07-01T20:39:50.663Z,-7.4036,128.4684,138.63,5,mww,,27,2.863,0.95,us,us700048ay,2019-07-01T20:58:40.040Z,"Kepulauan Barat Daya, Indonesia",earthquake,7.3,6.3,0.066,22,reviewed,us,us
2019-07-01T20:29:36.510Z,18.3918,-68.134,101,2.91,md,11,194,0.6549,0.31,pr,pr2019182012,2019-07-01T23:14:10.381Z,"35km SE of Punta Cana, Dominican Republic",earthquake,2.94,1.93,0.36,8,reviewed,pr,pr
2019-07-01T20:24:34.460Z,19.0879993,-155.4746704,43.02,2.38,md,13,190,0.0681,0.11,hv,hv71018821,2019-07-02T00:13:02.360Z,"12km S of Pahala, Hawaii",other event,1.68,2.05,0.04,5,reviewed,hv,hv
2019-07-01T20:21:14.020Z,19.0993328,-155.4388275,42.05,2.5,ml,51,185,0.05997,0.17,hv,hv71018816,2019-07-01T20:26:53.860Z,"12km SSE of Pahala, Hawaii",earthquake,0.7,0.95,0.18,4,automatic,hv,hv
2019-07-01T20:18:46.680Z,45.7043333,-112.248,0.33,1.05,ml,10,83,0.185,0.09,mb,mb80350404,2019-07-01T21:20:43.540Z,"21km SSW of Whitehall, Montana",earthquake,0.3,0.93,0.213,4,reviewed,mb,mb
2019-07-01T20:18:09.570Z,19.1053333,-155.4140015,41.69,2.38,md,25,251,0.06746,0.12,hv,hv71018806,2019-07-01T20:21:16.120Z,"13km SSE of Pahala, Hawaii",earthquake,1.3,1.8,0.19,8,automatic,hv,hv
2019-07-01T20:16:16.420Z,19.1240005,-155.4904938,44.93,2.45,md,24,166,0.04118,0.12,hv,hv71018801,2019-07-01T20:19:31.110Z,"9km S of Pahala, Hawaii",earthquake,1.28,1.2,0.16,5,automatic,hv,hv
2019-07-01T20:15:34.310Z,19.0879993,-155.4813385,43.05,2.39,ml,15,180,0.06948,0.13,hv,hv71018796,2019-07-01T20:21:20.550Z,"12km S of Pahala, Hawaii",earthquake,1.07,1.24,4.34,8,automatic,hv,hv
2019-07-01T20:12:12.484Z,66.8221,-147.2829,0,1.6,ml,,,,1.15,ak,ak0198dbsfj4,2019-07-01T20:15:05.092Z,"93km WNW of Fort Yukon, Alaska",earthquake,,0.3,,,automatic,ak,ak
2019-07-01T20:07:43.580Z,33.6633339,-116.7279968,13.98,0.88,ml,18,75,0.04908,0.1,ci,ci38439447,2019-07-01T20:13:18.602Z,"9km S of Idyllwild, CA",earthquake,0.46,0.56,0.249,5,automatic,ci,ci
2019-07-01T20:03:05.729Z,62.7147,-150.0634,9.4,1.2,ml,,,,1.08,ak,ak0198dbqhkc,2019-07-01T20:06:23.080Z,"43km N of Talkeetna, Alaska",earthquake,,0.3,,,automatic,ak,ak
2019-07-01T19:56:54.716Z,-30.6063,-177.9367,10,5.2,mb,,70,1.356,1.27,us,us70004895,2019-07-01T20:22:46.040Z,"129km NE of L'Esperance Rock, New Zealand",earthquake,8.5,1.8,0.05,130,reviewed,us,us
2019-07-01T19:52:47.600Z,61.4173,-149.9658,42.4,1,ml,,,,0.82,ak,ak0198dbfna0,2019-07-01T19:55:40.777Z,"11km S of Big Lake, Alaska",earthquake,,1.3,,,automatic,ak,ak
2019-07-01T19:41:01.198Z,37.7798,-114.3141,0.8,1.5,ml,12,79.95,0.218,0.1887,nn,nn00688946,2019-07-01T22:36:53.359Z,"20km SE of Pioche, Nevada",earthquake,,2.4,0.71,6,reviewed,nn,nn
2019-07-01T19:38:06.150Z,32.2437,48.9773,10,4.4,mb,,63,3.947,0.97,us,us7000488s,2019-07-01T20:27:30.040Z,"24km NNE of Shushtar, Iran",earthquake,7.9,1.9,0.085,40,reviewed,us,us
2019-07-01T19:36:23.064Z,66.3259,-157.2509,8.7,1.1,ml,,,,0.47,ak,ak0198dbc5xj,2019-07-01T19:42:28.025Z,"66km SSW of Kobuk, Alaska",earthquake,,0.3,,,automatic,ak,ak
2019-07-01T19:23:11.943Z,59.5191,-153.9183,146.5,1.4,ml,,,,0.17,ak,ak0198db9cre,2019-07-01T19:29:24.422Z,"61km ESE of Old Iliamna, Alaska",earthquake,,1.2,,,automatic,ak,ak
2019-07-01T19:21:41.091Z,62.2541,-150.0948,11.1,1.4,ml,,,,0.52,ak,ak0198db8zko,2019-07-01T19:27:43.284Z,"7km S of Talkeetna, Alaska",earthquake,,0.3,,,automatic,ak,ak
2019-07-01T19:14:28.960Z,47.7461667,-113.8073333,3.73,1.34,ml,14,189,0.181,0.13,mb,mb80350389,2019-07-01T20:42:56.740Z,"27km ENE of Polson, Montana",earthquake,0.66,7.13,0.34,2,reviewed,mb,mb
2019-07-01T19:12:20.021Z,37.2835,-117.5123,0,1.2,ml,11,162,0.118,0.2198,nn,nn00688934,2019-07-01T23:04:56.246Z,"53km SSW of Goldfield, Nevada",earthquake,,0,0.31,8,reviewed,nn,nn
2019-07-01T18:55:06.072Z,62.3025,-150.2637,14,1.4,ml,,,,0.55,ak,ak0198daurm7,2019-07-01T19:01:07.255Z,"8km WSW of Talkeetna, Alaska",earthquake,,0.3,,,automatic,ak,ak
2019-07-01T18:54:38.390Z,35.8059998,-120.3378296,3.67,2.03,md,20,104,0.0273,0.07,nc,nc73204446,2019-07-01T22:13:04.274Z,"10km NNW of Cholame, CA",earthquake,0.28,0.43,0.35,10,automatic,nc,nc
2019-07-01T18:52:47.968Z,59.6329,-136.8128,16.7,1.6,ml,,,,0.95,ak,ak0198dau7p8,2019-07-01T18:58:26.310Z,"86km WNW of Skagway, Alaska",earthquake,,0.4,,,automatic,ak,ak
2019-07-01T18:48:55.025Z,61.822,-147.2283,37.1,1.2,ml,,,,0.77,ak,ak0198datddj,2019-07-01T18:54:04.403Z,"85km E of Sutton-Alpine, Alaska",earthquake,,0.4,,,automatic,ak,ak
2019-07-01T18:46:00.980Z,38.8236656,-122.80867,2.63,0.55,md,13,64,0.00113,0.02,nc,nc73204441,2019-07-01T18:56:03.787Z,"7km NW of The Geysers, CA",earthquake,0.35,0.79,,1,automatic,nc,nc
2019-07-01T18:45:10.089Z,60.2,-152.2164,69.8,1,ml,,,,1.09,ak,ak0198dasmr7,2019-07-01T18:50:12.897Z,"43km SE of Redoubt Volcano, Alaska",earthquake,,0.7,,,automatic,ak,ak
2019-07-01T18:40:01.028Z,69.5626,-144.283,0,2,ml,,,,0.9,ak,ak0198darjhi,2019-07-01T18:44:21.087Z,"68km SSW of Kaktovik, Alaska",earthquake,,1.2,,,automatic,ak,ak
2019-07-01T18:23:09.840Z,33.221,-116.7386667,11.1,0.74,ml,30,41,0.07966,0.19,ci,ci38439311,2019-07-01T18:28:55.602Z,"3km SE of Lake Henshaw, CA",earthquake,0.32,0.83,0.209,16,automatic,ci,ci
2019-07-01T18:22:53.571Z,66.3169,-157.2014,7.4,1.4,ml,,,,0.4,ak,ak0198dansn8,2019-07-01T18:34:38.809Z,"67km SSW of Kobuk, Alaska",earthquake,,0.3,,,automatic,ak,ak
2019-07-01T18:15:56.270Z,38.7971649,-122.8274994,4.2,0.43,md,11,119,0.007016,0.04,nc,nc73204431,2019-07-01T18:32:02.640Z,"6km WNW of The Geysers, CA",earthquake,1.07,2.57,0.13,2,automatic,nc,nc
2019-07-01T18:14:01.582Z,61.407,-150.0264,21.3,2.1,ml,,,,0.77,ak,ak0198dalyxg,2019-07-01T18:19:22.325Z,"13km SSW of Big Lake, Alaska",earthquake,,0.3,,,automatic,ak,ak
2019-07-01T18:12:06.880Z,37.2773333,-121.6513333,6.51,1.53,md,41,68,0.02525,0.05,nc,nc73204426,2019-07-02T01:39:03.470Z,"16km N of Morgan Hill, CA",earthquake,0.14,0.24,0.194,36,reviewed,nc,nc
2019-07-01T18:11:29.298Z,59.7592,-136.5741,10,2.5,ml,,84,0.604,0.74,us,us7000486i,2019-07-01T20:07:04.040Z,"78km WNW of Skagway, Alaska",earthquake,4.7,2,,,reviewed,us,ak
2019-07-01T18:10:39.710Z,38.7963333,-122.739502,1.01,0.89,md,11,88,0.01847,0.03,nc,nc73204421,2019-07-01T18:23:04.593Z,"3km NE of The Geysers, CA",earthquake,0.26,0.57,0.06,5,automatic,nc,nc
2019-07-01T18:08:50.354Z,62.583,-152.8482,0,1.3,ml,,,,1.19,ak,ak0198daksca,2019-07-01T18:15:28.778Z,"144km WNW of Talkeetna, Alaska",earthquake,,0.3,,,automatic,ak,ak
2019-07-01T18:01:21.781Z,37.7794,-114.3203,0,1.2,ml,6,84.04,0.216,0.1137,nn,nn00688977,2019-07-01T22:33:44.176Z,"20km SE of Pioche, Nevada",earthquake,,0,0.33,2,reviewed,nn,nn
2019-07-01T17:45:35.560Z,37.4104996,-121.7581635,7.37,2.45,md,53,47,0.03851,0.05,nc,nc73204406,2019-07-02T04:39:39.316Z,"8km NE of Alum Rock, CA",earthquake,0.15,0.34,0.12,58,automatic,nc,nc
2019-07-01T17:35:12.670Z,38.8204994,-122.8450012,2.24,0.57,md,8,143,0.008216,0.03,nc,nc73204396,2019-07-01T20:09:04.561Z,"9km WNW of The Geysers, CA",earthquake,0.52,1.27,,1,automatic,nc,nc
2019-07-01T17:22:56.990Z,36.5823333,-121.42,1.05,1.23,md,19,55,0.02078,0.03,nc,nc73204386,2019-07-02T02:54:03.200Z,"9km NNE of Gonzales, CA",earthquake,0.18,0.22,0.307,15,reviewed,nc,nc
2019-07-01T17:19:16.340Z,33.8318333,-117.486,0.47,1.44,ml,19,136,0.03703,0.29,ci,ci38439223,2019-07-01T17:25:09.174Z,"6km SSE of Home Gardens, CA",quarry blast,0.84,31.61,0.457,33,automatic,ci,ci
2019-07-01T17:13:29.289Z,-15.461,167.5171,99.91,6,mww,,53,6.653,1.11,us,us70004840,2019-07-02T03:20:37.507Z,"38km ENE of Luganville, Vanuatu",earthquake,7.6,4.7,0.048,41,reviewed,us,us
2019-07-01T17:13:13.540Z,44.5745,-114.2948333,7.51,1.65,ml,8,109,0.688,0.27,mb,mb80350369,2019-07-01T20:36:39.200Z,"9km NNW of Challis, Idaho",earthquake,0.83,2.65,0.348,6,reviewed,mb,mb
2019-07-01T17:11:38.080Z,33.344,-115.7083333,7.29,1.67,ml,24,75,0.02256,0.2,ci,ci38439215,2019-07-01T18:16:36.080Z,"2km ESE of Bombay Beach, CA",earthquake,0.29,0.41,0.121,48,reviewed,ci,ci
2019-07-01T17:11:09.580Z,19.4076672,-155.6681671,-0.13,1.83,md,26,98,0.03861,0.33,hv,hv71018586,2019-07-01T17:14:12.760Z,"21km ESE of Honaunau-Napoopoo, Hawaii",earthquake,0.7,1.58,0.21,10,automatic,hv,hv
2019-07-01T17:09:01.900Z,37.4145,-121.7561667,7.72,1.14,md,20,91,0.04276,0.05,nc,nc73204381,2019-07-02T02:44:02.138Z,"8km NE of Alum Rock, CA",earthquake,0.25,0.35,0.221,20,reviewed,nc,nc
2019-07-01T16:59:26.445Z,9.1883,124.2001,549.22,5.9,mww,,24,2.508,0.91,us,us7000483i,2019-07-02T00:28:48.637Z,"46km S of Valencia, Philippines",earthquake,9.4,3.5,0.04,59,reviewed,us,us
2019-07-01T16:57:13.160Z,37.7811,-114.3205,0,1.2,ml,5,128.2,0.214,0.1033,nn,nn00688976,2019-07-01T22:33:42.747Z,"20km SE of Pioche, Nevada",earthquake,,0,0.34,2,reviewed,nn,nn
2019-07-01T16:47:50.860Z,33.1753333,-116.7046667,7.15,2.23,ml,75,20,0.05367,0.19,ci,ci38439159,2019-07-02T00:49:47.980Z,"9km SE of Lake Henshaw, CA",earthquake,0.19,0.62,0.197,26,automatic,ci,ci
2019-07-01T16:43:16.243Z,61.1827,-150.9056,58.1,1.3,ml,,,,0.43,ak,ak0198d9lclf,2019-07-01T16:46:49.881Z,"54km W of Anchorage, Alaska",earthquake,,1.1,,,automatic,ak,ak
2019-07-01T16:36:37.588Z,37.7845,-114.3072,0,0.1,ml,5,131.18,0.218,0.0811,nn,nn00688975,2019-07-01T22:30:36.653Z,"20km SE of Pioche, Nevada",earthquake,,0,0,1,reviewed,nn,nn
2019-07-01T16:35:15.657Z,39.3373,-99.4517,5,2.5,mb_lg,,75,0.567,0.36,us,us700048g2,2019-07-02T00:54:48.565Z,"17km NW of Plainville, Kansas",earthquake,2.9,2,0.082,39,reviewed,us,us
2019-07-01T16:34:08.520Z,61.3889,-150.1083,41.6,1.4,ml,,,,0.56,ak,ak0198d9jek4,2019-07-01T16:45:09.248Z,"16km SSW of Big Lake, Alaska",earthquake,,1,,,automatic,ak,ak
2019-07-01T16:24:58.430Z,33.0081667,-116.2873333,6.84,0.69,ml,12,106,0.1622,0.19,ci,ci38439135,2019-07-01T16:30:50.338Z,"21km SW of Ocotillo Wells, CA",earthquake,0.47,1.27,0.16,8,automatic,ci,ci
2019-07-01T16:24:36.840Z,19.6143,-66.4285,29,2.93,md,12,299,1.1416,0.27,pr,pr2019182010,2019-07-01T18:22:44.040Z,"124km N of Brenas, Puerto Rico",earthquake,1.39,18.79,0.39,10,reviewed,pr,pr
2019-07-01T16:23:21.457Z,64.6495,-149.2136,17.4,0.8,ml,,,,0.56,ak,ak0198d9h2np,2019-07-01T16:45:08.890Z,"9km NNW of North Nenana, Alaska",earthquake,,0.2,,,automatic,ak,ak
2019-07-01T16:20:04.022Z,37.7867,-114.3076,6.2,0.7,ml,5,131.68,0.217,0.1887,nn,nn00688974,2019-07-01T22:30:35.583Z,"20km SE of Pioche, Nevada",earthquake,,9.7,0.28,2,reviewed,nn,nn
2019-07-01T16:16:06.763Z,61.501,-150.0009,46.9,1.7,ml,,,,0.64,ak,ak0198d9fjiy,2019-07-01T16:22:12.118Z,"3km SW of Big Lake, Alaska",earthquake,,0.5,,,automatic,ak,ak
2019-07-01T15:53:07.220Z,19.5758,-66.2736,47,3.04,md,5,327,1.3196,0.12,pr,pr2019182011,2019-07-01T19:48:40.040Z,"110km N of Brenas, Puerto Rico",earthquake,1.77,9.09,0.18,5,reviewed,pr,pr
2019-07-01T15:45:41.076Z,63.5456,-150.9396,7.9,0.4,ml,,,,0.43,ak,ak0198d90df9,2019-07-01T16:45:08.210Z,"100km W of Cantwell, Alaska",earthquake,,0.5,,,reviewed,ak,ak
2019-07-01T15:32:58.260Z,47.7873333,-113.7406667,4.48,-0.31,md,4,280,0.198,0.04,mb,mb80350364,2019-07-01T15:59:31.040Z,"33km ENE of Polson, Montana",earthquake,2.08,6.45,,1,reviewed,mb,mb
2019-07-01T15:21:24.290Z,47.7458333,-113.7951667,4.46,1.34,md,6,192,0.187,0.09,mb,mb80350359,2019-07-01T15:56:16.760Z,"28km ENE of Polson, Montana",earthquake,1.01,7.59,0.232,3,reviewed,mb,mb
2019-07-01T15:20:30.739Z,63.4894,-150.2107,115.7,1.6,ml,,,,0.51,ak,ak0198d8v0t9,2019-07-01T15:27:14.600Z,"63km W of Cantwell, Alaska",earthquake,,0.7,,,automatic,ak,ak
2019-07-01T15:20:29.300Z,44.5743333,-114.2958333,11.46,2.59,ml,20,74,0.688,0.24,mb,mb80350344,2019-07-01T18:31:55.354Z,"9km NNW of Challis, Idaho",earthquake,0.5,1.68,0.267,21,reviewed,mb,mb
2019-07-01T15:11:07.450Z,38.7946663,-122.7630005,0.2,0.78,md,13,106,0.02314,0.03,nc,nc73204361,2019-07-01T17:08:02.027Z,"2km NNW of The Geysers, CA",earthquake,0.3,0.62,0.19,4,automatic,nc,nc
2019-07-01T15:09:50.870Z,38.8321648,-122.8513336,0.96,0.58,md,11,69,,0.04,nc,nc73204356,2019-07-01T16:40:06.864Z,"10km NW of The Geysers, CA",earthquake,0.23,0.87,0.01,3,automatic,nc,nc
2019-07-01T14:59:23.524Z,59.864,-152.7298,82.6,1.2,ml,,,,0.63,ak,ak0198d8hxef,2019-07-01T15:05:09.007Z,"51km WNW of Anchor Point, Alaska",earthquake,,0.5,,,automatic,ak,ak
2019-07-01T14:57:40.876Z,37.7965,-114.3112,12.1,0.9,ml,4,176.06,0.207,0.0756,nn,nn00688973,2019-07-01T22:27:27.300Z,"19km SE of Pioche, Nevada",earthquake,,8.1,0.19,2,reviewed,nn,nn
2019-07-01T14:57:09.790Z,34.2981667,-116.8398333,8.08,1.32,ml,42,38,0.05077,0.2,ci,ci38438991,2019-07-01T16:29:46.890Z,"4km N of Big Bear City, CA",earthquake,0.28,0.63,0.182,29,reviewed,ci,ci
2019-07-01T14:51:29.807Z,60.0232,-153.1554,128.1,2.1,ml,,,,0.74,ak,ak0198d8g85e,2019-07-01T14:56:46.680Z,"56km SSW of Redoubt Volcano, Alaska",earthquake,,0.8,,,automatic,ak,ak
2019-07-01T14:47:50.266Z,-20.7316,-178.4633,551.18,4.3,mb,,134,4.433,0.68,us,us7000481f,2019-07-01T19:53:10.040Z,"26km ESE of Ndoi Island, Fiji",earthquake,15.5,9.5,0.078,47,reviewed,us,us
2019-07-01T14:43:33.520Z,19.0873,-66.4618,25,2.06,md,7,294,0.7962,0.23,pr,pr2019182009,2019-07-01T16:35:57.699Z,"69km N of Tierras Nuevas Poniente, Puerto Rico",earthquake,1.41,16.32,0.28,3,reviewed,pr,pr
2019-07-01T14:42:08.016Z,61.301,-150.1213,35.5,1.5,ml,,,,0.72,ak,ak0198d8e91d,2019-07-01T14:46:34.257Z,"15km NW of Anchorage, Alaska",earthquake,,1,,,automatic,ak,ak
2019-07-01T14:19:25.008Z,-21.5245,-173.8601,10,4.9,mb,,95,4.422,1.38,us,us70004813,2019-07-01T15:11:04.040Z,"114km E of `Ohonua, Tonga",earthquake,10.3,1.9,0.09,39,reviewed,us,us
2019-07-01T14:15:46.750Z,38.8139992,-122.8206635,3.18,0.56,md,10,85,0.008397,0.03,nc,nc73204346,2019-07-01T15:43:02.547Z,"7km NW of The Geysers, CA",earthquake,0.52,1.29,,1,automatic,nc,nc
2019-07-01T14:14:18.080Z,38.8125,-122.8276672,0.63,1.05,md,18,58,,0.04,nc,nc73204341,2019-07-01T15:14:03.387Z,"7km WNW of The Geysers, CA",earthquake,0.21,0.35,0.13,5,automatic,nc,nc
2019-07-01T14:14:07.479Z,62.1042,-150.1111,35,1.7,ml,,,,0.53,ak,ak0198d888wx,2019-07-01T14:18:38.230Z,"14km WSW of Y, Alaska",earthquake,,11.3,,,automatic,ak,ak
2019-07-01T14:11:58.218Z,59.9804,-139.5491,0,1.9,ml,,,,1.15,ak,ak0198d87pqb,2019-07-01T16:23:53.628Z,"49km NNE of Yakutat, Alaska",ice quake,,0.3,,,automatic,ak,ak
2019-07-01T14:11:23.340Z,36.1161667,-117.6663333,2.49,0.91,ml,11,110,0.1211,0.14,ci,ci38438927,2019-07-01T14:17:09.059Z,"26km ENE of Coso Junction, CA",earthquake,0.3,1.19,0.169,9,automatic,ci,ci
2019-07-01T13:54:05.840Z,44.5751667,-114.2885,9.46,1.9,ml,11,74,0.684,0.12,mb,mb80350319,2019-07-01T14:54:46.630Z,"9km NNW of Challis, Idaho",earthquake,0.55,1.09,0.223,9,reviewed,mb,mb
2019-07-01T13:53:59.662Z,63.6273,-147.4522,74.3,0.9,ml,,,,0.24,ak,ak0198d7vaaq,2019-07-01T13:58:33.311Z,"79km ESE of Healy, Alaska",earthquake,,1.2,,,automatic,ak,ak
2019-07-01T13:46:19.940Z,34.965168,-118.6161652,5.45,1.54,ml,23,40,0.06903,0.13,ci,ci38438887,2019-07-01T13:52:28.395Z,"21km N of Neenach, CA",earthquake,0.26,1.02,0.242,10,automatic,ci,ci
2019-07-01T13:34:49.954Z,60.0477,-139.4848,0,2,ml,,,,0.71,ak,ak0198d7r6rx,2019-07-01T16:23:53.189Z,"57km NNE of Yakutat, Alaska",ice quake,,0.3,,,automatic,ak,ak
2019-07-01T13:26:17.166Z,62.7426,-149.155,0,1.5,ml,,,,0.68,ak,ak0198d7peo3,2019-07-01T13:29:26.708Z,"67km NE of Talkeetna, Alaska",earthquake,,0.2,,,automatic,ak,ak
2019-07-01T13:13:22.445Z,60.049,-159.4393,0,0.9,ml,,,,0.47,ak,ak0198d7mmrg,2019-07-01T13:17:44.080Z,"125km NNW of Dillingham, Alaska",earthquake,,1.1,,,automatic,ak,ak
2019-07-01T13:10:20.679Z,36.7986,71.1391,98.89,4.5,mb,,77,0.84,0.46,us,us70004805,2019-07-01T19:50:51.040Z,"28km ESE of Jarm, Afghanistan",earthquake,6.6,6.2,0.15,13,reviewed,us,us
2019-07-01T13:03:26.050Z,46.1183333,-111.4266667,0.26,1.4,ml,12,103,0.155,0.22,mb,mb80350314,2019-07-01T13:59:58.700Z,"23km SSE of Townsend, Montana",earthquake,0.5,2.73,0.119,6,reviewed,mb,mb
2019-07-01T12:47:37.205Z,37.7769,-114.3173,0.8,1.6,ml,13,84.24,0.219,0.1724,nn,nn00688920,2019-07-01T22:27:26.119Z,"20km SE of Pioche, Nevada",earthquake,,2.3,0.72,5,reviewed,nn,nn
2019-07-01T12:47:10.259Z,67.5248,-158.7966,2.9,2.1,ml,,,,0.98,ak,ak0198d78gm7,2019-07-01T12:51:18.538Z,"107km NW of Kobuk, Alaska",earthquake,,0.3,,,automatic,ak,ak
2019-07-01T12:47:08.950Z,33.9696667,-116.7053333,13.11,1.04,ml,34,65,0.0836,0.19,ci,ci38438775,2019-07-01T13:40:39.230Z,"10km NE of Cabazon, CA",earthquake,0.29,0.65,0.132,26,reviewed,ci,ci
2019-07-01T12:43:49.950Z,18.1166,-67.899,97,2.39,md,5,316,0.498,0.42,pr,pr2019182008,2019-07-01T16:12:13.282Z,"72km WSW of Rincon, Puerto Rico",earthquake,5.25,3.75,0.42,3,reviewed,pr,pr
2019-07-01T12:42:15.080Z,38.7913322,-122.7606659,0.35,1.15,md,10,84,0.02038,0.02,nc,nc73204326,2019-07-01T13:49:02.892Z,"2km NNW of The Geysers, CA",earthquake,0.22,0.81,0.04,3,automatic,nc,nc
2019-07-01T12:38:33.000Z,37.5454,-117.7731,0,0.5,ml,10,111.89,0.238,0.1595,nn,nn00688919,2019-07-01T22:24:17.118Z,"50km WSW of Goldfield, Nevada",earthquake,,0,0.13,6,reviewed,nn,nn
2019-07-01T12:30:17.086Z,61.5072,-149.8313,34.6,1.6,ml,,,,0.77,ak,ak0198d74txo,2019-07-01T12:33:34.781Z,"6km ESE of Big Lake, Alaska",earthquake,,0.1,,,automatic,ak,ak
2019-07-01T12:24:06.796Z,8.5292,-82.774,32.2,4.4,mb,,155,0.276,0.72,us,us700047zp,2019-07-02T01:48:39.056Z,"5km NNE of Aserrio de Gariche, Panama",earthquake,7.8,7,0.117,21,reviewed,us,us
2019-07-01T12:21:38.820Z,18.5896,-68.7385,128,3.21,md,15,219,0.8322,0.66,pr,pr2019182007,2019-07-01T12:46:51.780Z,"4km SW of Salvaleon de Higuey, Dominican Republic",earthquake,8.01,3.23,0.4,11,reviewed,pr,pr
2019-07-01T12:09:36.060Z,45.6203333333333,-122.664833333333,10.7,1.28,ml,16,119,,0.2,uw,uw61532477,2019-07-01T17:29:29.990Z,"2km S of Vancouver, Washington",earthquake,0.48,13.74,0.170321118200129,9,reviewed,uw,uw
2019-07-01T12:00:44.410Z,46.413,-122.346333333333,21.14,0.43,ml,9,243,,0.17,uw,uw61532472,2019-07-01T17:17:42.200Z,"17km SSW of Morton, Washington",earthquake,1.14,0.76,0.100784348923272,8,reviewed,uw,uw
2019-07-01T11:59:04.122Z,37.7863,-114.3024,0,1.6,ml,13,64.52,0.22,0.2669,nn,nn00688916,2019-07-01T22:21:08.473Z,"20km SE of Pioche, Nevada",earthquake,,0,0.39,7,reviewed,nn,nn
2019-07-01T11:58:42.970Z,44.6308333,-112.1623333,9.46,0.98,ml,12,130,0.17,0.12,mb,mb80350329,2019-07-01T15:16:47.760Z,"34km E of Lima, Montana",earthquake,0.37,1.76,0.115,8,reviewed,mb,mb
2019-07-01T11:57:46.723Z,37.7847,-114.3048,0,1.2,ml,6,131.59,0.22,0.1741,nn,nn00688956,2019-07-01T20:32:57.784Z,"20km SE of Pioche, Nevada",earthquake,,0,0.66,3,reviewed,nn,nn
2019-07-01T11:34:09.160Z,33.5311667,-116.7235,4.18,0.34,ml,20,85,0.03604,0.1,ci,ci38438695,2019-07-01T18:27:45.665Z,"5km WSW of Anza, CA",earthquake,0.18,0.26,0.163,7,reviewed,ci,ci
2019-07-01T11:22:48.870Z,47.7121666666667,-121.863333333333,23.1,2.14,ml,46,89,,0.3,uw,uw61532467,2019-07-01T18:29:40.119Z,"4km ENE of Lake Marcel-Stillwater, Washington",earthquake,0.42,0.79,0.182899524514927,28,reviewed,uw,uw
2019-07-01T11:16:58.730Z,19.444334,-155.6235046,-1.42,1.87,ml,24,105,0.02097,0.19,hv,hv71018306,2019-07-01T11:22:45.510Z,"25km E of Honaunau-Napoopoo, Hawaii",earthquake,0.39,0.51,0.06,4,automatic,hv,hv
2019-07-01T11:07:08.936Z,61.572,-146.479,7.6,2.4,ml,,,,0.89,ak,ak0198d6ega4,2019-07-01T11:11:38.919Z,"49km N of Valdez, Alaska",earthquake,,0.2,,,automatic,ak,ak
2019-07-01T11:01:37.520Z,38.8218346,-122.8016663,3.62,0.55,md,8,68,0.00675,0.01,nc,nc73204321,2019-07-01T13:21:05.714Z,"6km NW of The Geysers, CA",earthquake,0.69,2.15,,1,automatic,nc,nc
2019-07-01T10:56:00.600Z,33.6033333,-116.8063333,4.86,0.57,ml,31,51,0.03654,0.14,ci,ci38438687,2019-07-01T13:40:41.730Z,"13km WNW of Anza, CA",earthquake,0.23,0.47,0.161,18,reviewed,ci,ci
2019-07-01T10:53:34.060Z,46.8505,-121.7555,1.79,1.13,ml,14,68,,0.07,uw,uw61532462,2019-07-01T16:43:34.060Z,"27km NNW of Packwood, Washington",earthquake,0.2,0.44,0.190630962294981,9,reviewed,uw,uw
2019-07-01T10:47:22.820Z,33.2248333,-115.9825,7.32,1.26,ml,52,25,0.05519,0.21,ci,ci38438679,2019-07-01T23:53:27.280Z,"9km SSW of Salton City, CA",earthquake,0.21,0.67,0.153,36,reviewed,ci,ci
2019-07-01T10:42:47.100Z,38.7893333,-122.7740021,3.23,2.11,md,39,76,,0.04,nc,nc73204311,2019-07-01T12:24:03.385Z,"2km NW of The Geysers, CA",earthquake,0.2,0.32,0.17,15,automatic,nc,nc
2019-07-01T10:21:35.944Z,37.7905,-114.3037,1.9,1.7,ml,15,78.84,0.216,0.2162,nn,nn00688915,2019-07-01T20:29:50.732Z,"20km SE of Pioche, Nevada",earthquake,,2,0.66,6,reviewed,nn,nn
2019-07-01T10:18:18.299Z,37.7924,-114.3138,0.8,2.3,ml,35,64.28,0.209,0.218,nn,nn00688912,2019-07-01T20:29:48.180Z,"19km SE of Pioche, Nevada",earthquake,,1.3,0.37,18,reviewed,nn,nn
2019-07-01T10:12:52.890Z,36.0571667,-117.6975,0.54,0.95,ml,11,80,0.06351,0.13,ci,ci38438671,2019-07-01T10:20:09.979Z,"23km E of Coso Junction, CA",earthquake,0.28,0.74,0.156,13,automatic,ci,ci
2019-07-01T10:05:30.760Z,33.2333333,-116.7723333,10.01,0.41,ml,18,46,0.01168,0.22,ci,ci38438663,2019-07-01T13:40:01.633Z,"1km SW of Lake Henshaw, CA",earthquake,0.43,0.98,0.137,7,reviewed,ci,ci
2019-07-01T10:04:28.316Z,59.8607,-151.4183,66,1.9,ml,,,,0.68,ak,ak0198d5sf0x,2019-07-01T10:09:06.416Z,"15km NNW of Fritz Creek, Alaska",earthquake,,1.6,,,automatic,ak,ak
2019-07-01T10:02:47.658Z,63.523,-147.3685,1.7,1.8,ml,,,,0.53,ak,ak0198d5s11a,2019-07-01T10:07:25.345Z,"80km E of Cantwell, Alaska",earthquake,,0.3,,,automatic,ak,ak
2019-07-01T09:54:17.640Z,37.5144997,-118.7923355,5.96,1.77,md,19,115,0.1184,0.02,nc,nc73204296,2019-07-01T11:12:02.988Z,"11km WSW of Toms Place, CA",earthquake,0.25,1.18,0.2,16,automatic,nc,nc
2019-07-01T09:51:49.172Z,63.1754,-152.4686,0,1.7,ml,,,,0.65,ak,ak0198d5h3mu,2019-07-01T09:56:32.488Z,"153km NW of Talkeetna, Alaska",earthquake,,0.3,,,automatic,ak,ak
2019-07-01T09:50:21.940Z,37.8001,-114.3039,9.9,0.7,ml,4,178.66,0.209,0.0431,nn,nn00688955,2019-07-01T20:23:27.653Z,"19km SE of Pioche, Nevada",earthquake,,19,0.25,2,reviewed,nn,nn
2019-07-01T09:39:26.090Z,46.2006666666667,-122.184666666667,2.97,1.29,ml,17,93,,0.15,uw,uw61532457,2019-07-01T16:34:46.910Z,"38km NNE of Amboy, Washington",earthquake,0.33,0.96,0.276408925439021,11,reviewed,uw,uw
2019-07-01T09:39:20.040Z,46.1955,-122.179,3.15,0.96,ml,16,129,,0.16,uw,uw61532452,2019-07-01T16:27:30.150Z,"37km NNE of Amboy, Washington",earthquake,0.43,0.93,0.17157997718009,11,reviewed,uw,uw
2019-07-01T09:20:32.646Z,-1.8195,120.6583,49.01,4.6,mb,,88,2.249,0.65,us,us700047yr,2019-07-01T11:42:06.040Z,"28km N of Pendolo, Indonesia",earthquake,8.4,6.7,0.129,18,reviewed,us,us
2019-07-01T09:17:58.420Z,47.841,-115.406,6,0.91,ml,10,127,0.359,0.17,mb,mb80350354,2019-07-01T15:37:52.580Z,"27km N of Thompson Falls, Montana",earthquake,0.57,9.83,0.108,3,reviewed,mb,mb
2019-07-01T09:15:38.340Z,46.207,-122.190833333333,2.45,0.36,ml,6,112,,0.09,uw,uw61500443,2019-07-01T18:41:14.680Z,"38km NNE of Amboy, Washington",earthquake,0.39,10,0.169241629927917,6,reviewed,uw,uw
2019-07-01T09:15:35.940Z,46.1955,-122.188,-0.71,0.19,ml,5,132,,0.09,uw,uw61500438,2019-07-01T18:40:48.470Z,"37km NNE of Amboy, Washington",earthquake,0.39,9.78,0.0813132292766109,4,reviewed,uw,uw
2019-07-01T09:15:31.620Z,46.1985,-122.180833333333,4.03,0.31,ml,10,126,,0.17,uw,uw61532447,2019-07-01T18:40:33.210Z,"38km NNE of Amboy, Washington",earthquake,0.5,1.6,0.247623263340595,8,reviewed,uw,uw
2019-07-01T09:13:47.500Z,46.1983333333333,-122.187166666667,2.77,1.27,ml,28,55,,0.19,uw,uw61532442,2019-07-01T17:13:11.060Z,"37km NNE of Amboy, Washington",earthquake,0.31,0.63,0.248605713433257,14,reviewed,uw,uw
2019-07-01T09:12:25.182Z,37.7801,-114.3122,0,0.7,ml,5,129.29,0.219,0.0773,nn,nn00688954,2019-07-01T20:23:26.585Z,"20km SE of Pioche, Nevada",earthquake,,0,0.4,2,reviewed,nn,nn
2019-07-01T09:10:24.855Z,59.9372,-152.6646,103.3,1.8,ml,,,,0.77,ak,ak0198d589fl,2019-07-01T09:15:34.076Z,"50km WNW of Anchor Point, Alaska",earthquake,,0.7,,,automatic,ak,ak
2019-07-01T09:10:05.470Z,37.2445,-114.9672,8.4,0.4,ml,8,235.9,0.114,0.27,nn,nn00688908,2019-07-01T09:55:50.399Z,"22km SE of Alamo, Nevada",earthquake,,23.5,,,automatic,nn,nn
2019-07-01T09:06:42.060Z,46.2025,-122.181666666667,2.94,1.02,ml,20,68,,0.14,uw,uw61532437,2019-07-01T16:54:17.540Z,"38km NNE of Amboy, Washington",earthquake,0.33,0.65,0.218414201806912,11,reviewed,uw,uw
2019-07-01T08:50:49.200Z,34.0686684,-117.4963303,4.53,0.99,ml,20,126,0.05087,0.11,ci,ci38438647,2019-07-01T08:56:42.043Z,"5km SW of Fontana, CA",earthquake,0.41,0.64,0.269,5,automatic,ci,ci
2019-07-01T08:48:49.489Z,58.5296,-151.4407,17,3.3,ml,,,,0.95,ak,ak0198d4v0tf,2019-07-01T08:56:09.523Z,"100km NE of Kodiak, Alaska",earthquake,,0.6,,,automatic,ak,ak
2019-07-01T08:48:45.140Z,33.0853333,-116.2141667,3.9,0.86,ml,22,122,0.1122,0.19,ci,ci38438639,2019-07-01T08:54:30.486Z,"10km SW of Ocotillo Wells, CA",earthquake,0.38,1.55,0.173,16,automatic,ci,ci
2019-07-01T08:35:39.980Z,37.4893333,-118.8101667,8.45,0.91,md,19,126,0.1016,0.08,nc,nc73204281,2019-07-01T18:53:02.773Z,"14km SW of Toms Place, CA",earthquake,0.35,1.57,0.156,18,reviewed,nc,nc
2019-07-01T08:33:34.580Z,18.0323,-66.4811,14,1.89,md,6,176,0.1069,0.13,pr,pr2019182006,2019-07-01T11:36:49.924Z,"1km WSW of Rio Canas Abajo, Puerto Rico",earthquake,0.91,2.22,0.45,6,reviewed,pr,pr
2019-07-01T08:32:33.090Z,46.1988333333333,-122.178333333333,3.34,-0.02,ml,8,142,,0.16,uw,uw61532427,2019-07-01T18:14:36.030Z,"38km NNE of Amboy, Washington",earthquake,0.46,1.56,0.0926787180317339,6,reviewed,uw,uw
2019-07-01T08:28:53.627Z,-26.4137,30.6209,10,3.6,mb_lg,,219,4.741,1.32,us,us700048cz,2019-07-01T23:23:44.822Z,"39km W of Mhlambanyatsi, Swaziland",earthquake,12.6,2,0.154,11,reviewed,us,us
2019-07-01T08:28:10.603Z,60.7861,-146.6741,21.2,1.6,ml,,,,0.76,ak,ak0198d4qnjx,2019-07-01T08:32:03.857Z,"42km SSW of Valdez, Alaska",earthquake,,0.1,,,automatic,ak,ak
2019-07-01T08:21:09.685Z,61.4273,-150.327,31.7,1.5,ml,,,,0.42,ak,ak0198d4p5i0,2019-07-01T08:24:41.792Z,"22km WSW of Big Lake, Alaska",earthquake,,0.3,,,automatic,ak,ak
2019-07-01T08:19:35.415Z,37.7949,-114.3066,1.7,2.4,ml,39,64.76,0.211,0.2283,nn,nn00688906,2019-07-01T20:20:20.639Z,"19km SE of Pioche, Nevada",earthquake,,1.6,0.31,19,reviewed,nn,nn
2019-07-01T08:17:26.920Z,38.8093338,-122.8280029,3.06,0.56,md,10,108,0.001029,0.03,nc,nc73204271,2019-07-01T09:31:03.412Z,"7km WNW of The Geysers, CA",earthquake,0.51,1.7,,1,automatic,nc,nc
2019-07-01T08:16:54.267Z,37.7986,-114.314,11.4,0.5,ml,4,176.05,0.204,0.1109,nn,nn00688953,2019-07-01T20:13:58.303Z,"18km SE of Pioche, Nevada",earthquake,,11.3,0.33,2,reviewed,nn,nn
2019-07-01T08:07:34.130Z,36.0408333,-117.5823333,7.13,0.51,ml,8,107,0.07754,0.06,ci,ci38438623,2019-07-01T13:40:19.205Z,"31km ENE of Little Lake, CA",earthquake,0.21,0.66,0.115,5,reviewed,ci,ci
2019-07-01T08:03:39.890Z,62.4935,-150.0481,32.4,1.1,ml,,,,1.39,ak,ak0198d4lcy4,2019-07-01T08:10:58.605Z,"19km N of Talkeetna, Alaska",earthquake,,1.1,,,automatic,ak,ak
2019-07-01T08:00:20.918Z,59.8714,-139.7612,7.8,1.6,ml,,,,0.66,ak,ak0198d4koak,2019-07-01T16:22:11.687Z,"36km N of Yakutat, Alaska",ice quake,,0.2,,,automatic,ak,ak
2019-07-01T07:59:55.402Z,36.31943512,-98.91210175,4.65300703,1.67,ml,14,141.6723022,0.1238252148,0.3524029907,ok,ok2019mthx,2019-07-01T08:02:38.426Z,"29km ESE of Mooreland, Oklahoma",earthquake,3.615991356,2.818862527,,10,automatic,ok,ok
2019-07-01T07:51:27.808Z,-56.3621,-26.5944,35,4.8,mb,,84,6.019,0.73,us,us700047xj,2019-07-01T08:40:27.040Z,"52km NE of Visokoi Island, South Georgia and the South Sandwich Islands",earthquake,12.1,2,0.122,21,reviewed,us,us
2019-07-01T07:49:30.842Z,63.1682,-151.5426,1,1.2,ml,,,,1.54,ak,ak0198d49rka,2019-07-01T07:59:14.820Z,"119km NW of Talkeetna, Alaska",earthquake,,0.4,,,automatic,ak,ak
2019-07-01T07:44:56.244Z,60.3282,-153.1222,139.6,2.1,ml,,,,0.64,ak,ak0198d48qx0,2019-07-01T07:50:31.587Z,"27km SW of Redoubt Volcano, Alaska",earthquake,,0.7,,,automatic,ak,ak
2019-07-01T07:39:28.120Z,37.657,-118.8791667,0.46,0.07,md,6,256,0.01884,0.02,nc,nc73204261,2019-07-01T19:30:03.341Z,"9km ENE of Mammoth Lakes, CA",earthquake,1.04,0.64,0.303,5,reviewed,nc,nc
2019-07-01T07:38:56.160Z,33.0038333,-116.2866667,8.03,0.7,ml,28,69,0.1469,0.17,ci,ci38438607,2019-07-02T00:09:43.582Z,"21km SW of Ocotillo Wells, CA",earthquake,0.24,1.14,0.093,9,reviewed,ci,ci
2019-07-01T07:37:56.470Z,36.6266667,-121.1503333,7.31,0.63,md,12,178,0.06169,0.12,nc,nc73204256,2019-07-02T02:03:04.599Z,"11km N of Pinnacles, CA",earthquake,0.5,1.06,0.252,10,reviewed,nc,nc
2019-07-01T07:30:16.280Z,38.8098335,-122.7948303,2.75,1.37,md,23,36,,0.05,nc,nc73204251,2019-07-01T08:34:03.095Z,"5km NW of The Geysers, CA",earthquake,0.23,0.45,0.03,6,automatic,nc,nc
2019-07-01T07:27:11.478Z,37.7929,-114.3087,4.4,0.7,ml,5,175.65,0.211,0.1946,nn,nn00688952,2019-07-01T20:13:57.212Z,"19km SE of Pioche, Nevada",earthquake,,3.8,0,1,reviewed,nn,nn
2019-07-01T07:26:30.180Z,37.5952,-115.2633,11.2,1.6,ml,7,204.61,0.946,0.21,nn,nn00688903,2019-07-01T07:30:18.219Z,"27km NNW of Alamo, Nevada",earthquake,,4,,,automatic,nn,nn
2019-07-01T07:26:16.206Z,37.7813,-114.3119,0,1.3,ml,16,63.77,0.218,0.141,nn,nn00688902,2019-07-01T20:10:51.642Z,"20km SE of Pioche, Nevada",earthquake,,0,0.38,8,reviewed,nn,nn
2019-07-01T07:23:43.540Z,33.8206667,-117.0155,12.94,0.46,ml,13,93,0.1129,0.3,ci,ci38438599,2019-07-01T07:29:30.976Z,"7km NW of San Jacinto, CA",earthquake,0.6,1.76,0.056,9,automatic,ci,ci
2019-07-01T07:17:56.500Z,18.0278,-67.084,6,1.95,md,3,146,0.0333,0.05,pr,pr2019182005,2019-07-01T11:36:22.516Z,"1km SSW of Palmarejo, Puerto Rico",earthquake,0.69,1.16,0.2,3,reviewed,pr,pr
2019-07-01T07:13:23.880Z,36.5771675,-121.1538315,3.51,1.1,md,6,164,0.02599,0.02,nc,nc73204246,2019-07-01T08:05:03.934Z,"5km N of Pinnacles, CA",earthquake,0.55,0.81,0.13,6,automatic,nc,nc
2019-07-01T07:05:07.630Z,36.7072,-116.2845,6.1,-0.3,ml,15,75.89,0.059,0.27,nn,nn00688901,2019-07-01T07:28:11.024Z,"47km ESE of Beatty, Nevada",earthquake,,1.2,,,automatic,nn,nn
2019-07-01T07:04:46.470Z,40.6465,-121.8125,9.6,0.76,md,8,169,0.1036,0.03,nc,nc73204241,2019-07-01T18:38:02.678Z,"18km NW of Viola, CA",earthquake,0.47,0.68,0.129,7,reviewed,nc,nc
2019-07-01T07:02:12.935Z,66.2897,-157.2027,5.4,1.9,ml,,,,0.51,ak,ak0198d3znjh,2019-07-01T07:05:22.201Z,"70km SSW of Kobuk, Alaska",earthquake,,0.3,,,automatic,ak,ak
2019-07-01T07:00:45.056Z,37.7819,-114.3237,0,0.8,ml,5,127.87,0.212,0.0971,nn,nn00688948,2019-07-01T19:46:07.180Z,"19km SE of Pioche, Nevada",earthquake,,0,0.32,2,reviewed,nn,nn
2019-07-01T06:54:24.260Z,19.6851,-65.2591,47,3.59,md,13,325,1.6042,0.4,pr,pr2019182004,2019-07-01T08:10:41.719Z,"152km NNW of Charlotte Amalie, U.S. Virgin Islands",earthquake,3.87,22.32,0.39,11,reviewed,pr,pr
2019-07-01T06:54:19.950Z,38.8148346,-122.824501,1.91,0.66,md,15,65,,0.05,nc,nc73204236,2019-07-01T07:40:03.796Z,"7km NW of The Geysers, CA",earthquake,0.28,0.46,0.22,3,automatic,nc,nc
2019-07-01T06:48:25.013Z,37.7755,-114.3205,0,1.3,ml,14,84.46,0.219,0.1941,nn,nn00688899,2019-07-01T19:46:06.339Z,"20km SE of Pioche, Nevada",earthquake,,0,0.34,7,reviewed,nn,nn
2019-07-01T06:44:09.965Z,37.7745,-114.3169,0,1,ml,10,84.49,0.221,0.1622,nn,nn00688897,2019-07-01T19:42:57.614Z,"20km SE of Pioche, Nevada",earthquake,,0,0.66,4,reviewed,nn,nn
2019-07-01T06:25:15.948Z,64.3451,-159.0956,20,1.4,ml,,,,1.11,ak,ak0198d3j5my,2019-07-01T06:30:35.245Z,"97km ENE of Unalakleet, Alaska",earthquake,,1,,,automatic,ak,ak
2019-07-01T06:23:07.299Z,37.7876,-114.318,2.3,2.3,ml,29,63.81,0.21,0.1919,nn,nn00688894,2019-07-01T06:58:06.388Z,"19km SE of Pioche, Nevada",earthquake,,1.5,0.28,12,reviewed,nn,nn
2019-07-01T06:16:27.350Z,34.0678329,-117.4954987,5.03,1.16,ml,26,118,0.04979,0.1,ci,ci38438591,2019-07-01T06:22:20.557Z,"5km SW of Fontana, CA",earthquake,0.45,0.42,0.25,6,automatic,ci,ci
2019-07-01T06:07:47.270Z,36.5291667,-121.121,4.78,0.7,md,12,103,0.05527,0.12,nc,nc73204231,2019-07-02T01:58:04.575Z,"2km E of Pinnacles, CA",earthquake,0.3,1.68,0.096,8,reviewed,nc,nc
2019-07-01T06:04:52.840Z,33.4523333,-116.5695,9.73,0.5,ml,19,105,0.05032,0.16,ci,ci38438567,2019-07-01T06:10:34.947Z,"15km SE of Anza, CA",earthquake,0.35,0.53,0.14,11,automatic,ci,ci
2019-07-01T05:51:30.650Z,45.8656667,-111.3535,3.95,1.58,ml,11,89,0.301,0.11,mb,mb80350284,2019-07-01T13:48:36.820Z,"1km WNW of Manhattan, Montana",earthquake,0.45,9.06,0.094,7,reviewed,mb,mb
2019-07-01T05:51:27.390Z,38.8361664,-122.7866669,1.84,0.92,md,15,86,,0.04,nc,nc73204226,2019-07-01T07:11:03.630Z,"6km WNW of Cobb, CA",earthquake,0.26,0.5,0.07,3,automatic,nc,nc
2019-07-01T05:50:35.307Z,37.7718,-114.3239,0.3,1.4,ml,9,125.35,0.22,0.1814,nn,nn00688893,2019-07-01T19:39:43.091Z,"20km SSE of Pioche, Nevada",earthquake,,3.1,0.71,4,reviewed,nn,nn
2019-07-01T05:39:34.790Z,33.353,-116.388,8.07,0.64,ml,21,156,0.08803,0.21,ci,ci38438559,2019-07-01T13:41:21.678Z,"11km N of Borrego Springs, CA",earthquake,0.45,1.12,0.143,13,reviewed,ci,ci
2019-07-01T05:33:07.159Z,10.4738,-86.0743,10,4.5,mb,,131,1.118,0.44,us,us700047w7,2019-07-01T23:40:36.384Z,"46km W of Sardinal, Costa Rica",earthquake,6.5,1.9,0.045,142,reviewed,us,us
2019-07-01T05:31:07.480Z,37.1188,-116.9442,6.9,0.8,ml,23,107.16,0.169,0.22,nn,nn00688891,2019-07-01T05:53:11.557Z,"28km NW of Beatty, Nevada",earthquake,,20.4,,,automatic,nn,nn
2019-07-01T05:24:50.394Z,37.7673,-114.3326,1.4,0.6,ml,5,172.95,0.219,0.0581,nn,nn00688945,2019-07-01T19:39:44.187Z,"20km SSE of Pioche, Nevada",earthquake,,15.8,0,1,reviewed,nn,nn
2019-07-01T05:16:47.530Z,37.1937,-115.0483,21.4,1.6,ml,23,80.53,0.712,0.27,nn,nn00688889,2019-07-01T05:32:31.697Z,"21km SSE of Alamo, Nevada",earthquake,,2.3,,,automatic,nn,nn
2019-07-01T05:08:53.250Z,37.0888,-116.1913,1.6,1.3,ml,6,176.58,0.155,0.36,nn,nn00688888,2019-07-01T05:18:17.807Z,"54km ENE of Beatty, Nevada",earthquake,,29.2,,,automatic,nn,nn
2019-07-01T05:08:24.370Z,37.788,-114.3024,2.5,2,ml,22,64.6,0.218,0.2377,nn,nn00688886,2019-07-01T19:33:21.191Z,"20km SE of Pioche, Nevada",earthquake,,1.6,0.36,11,reviewed,nn,nn
